{"cameraMode":{"drawMode":0,"name":"Shaded","section":"Shading Mode"},"sceneLighting":false,"audioPlay":false,"sceneViewState":{"m_AlwaysRefresh":false,"showFog":true,"showSkybox":false,"showFlares":true,"showImageEffects":true,"showParticleSystems":true,"showVisualEffectGraphs":true,"m_FxEnabled":true},"in2DMode":false,"pivot":{"x":0.05211355537176132,"y":1.5525614023208619,"z":-0.2863171100616455},"rotation":{"x":-0.0033697132021188738,"y":-0.9811035394668579,"z":0.19378815591335298,"w":-0.01740194857120514},"size":1.7320507764816285,"orthographic":false}