{"cameraMode":{"drawMode":0,"name":"Shaded","section":"Shading Mode"},"sceneLighting":true,"audioPlay":false,"sceneViewState":{"m_AlwaysRefresh":false,"showFog":true,"showSkybox":true,"showFlares":true,"showImageEffects":true,"showParticleSystems":true,"showVisualEffectGraphs":true,"m_FxEnabled":true},"in2DMode":false,"pivot":{"x":-0.41685715317726138,"y":0.3079870045185089,"z":0.859731137752533},"rotation":{"x":0.0029975001234561207,"y":-0.9956825971603394,"z":0.08685140311717987,"w":0.033750612288713458},"size":0.7312850952148438,"orthographic":false}